iShares Core S&P Mid-Cap ETF,,,,,,,,,,,
Inception Date,"May 22, 2000",,,,,,,,,,
Fund Holdings as of,"Mar 29, 2018",,,,,,,,,,
Total Net Assets,"44,298,341,708.25",,,,,,,,,,
Shares Outstanding,"236,250,000.00",,,,,,,,,,
Stock,-,,,,,,,,,,
Bond,-,,,,,,,,,,
Cash,-,,,,,,,,,,
Other,-,,,,,,,,,,
 ,,,,,,,,,,,
Ticker,Name,Asset Class,Weight (%),Price,Shares,Market Value,Notional Value,Sector,SEDOL,ISIN,Exchange
MSCI,MSCI INC,Equity,0.78,149.47,"2,318,410.00","346,532,742.70","346,532,742.70",Financials,B2972D2,US55354G1004,New York Stock Exchange Inc.
BR,BROADRIDGE FINANCIAL SOLUTIONS INC,Equity,0.74,109.69,"3,007,342.00","329,875,343.98","329,875,343.98",Information Technology,B1VP7R6,US11133T1034,New York Stock Exchange Inc.
ABMD,ABIOMED INC,Equity,0.71,290.99,"1,084,482.00","315,573,417.18","315,573,417.18",Health Care,2003698,US0036541003,NASDAQ
TFX,TELEFLEX INC,Equity,0.66,254.98,"1,159,729.00","295,707,700.42","295,707,700.42",Health Care,2881407,US8793691069,New York Stock Exchange Inc.
IEX,IDEX CORP,Equity,0.63,142.51,"1,970,357.00","280,795,576.07","280,795,576.07",Industrials,2456612,US45167R1041,New York Stock Exchange Inc.
STLD,STEEL DYNAMICS INC,Equity,0.6,44.22,"6,077,483.00","268,746,298.26","268,746,298.26",Materials,2849472,US8581191009,NASDAQ
CPRT,COPART INC,Equity,0.59,50.93,"5,196,098.00","264,637,271.14","264,637,271.14",Industrials,2208073,US2172041061,NASDAQ
DPZ,DOMINOS PIZZA INC,Equity,0.59,233.56,"1,125,881.00","262,960,766.36","262,960,766.36",Consumer Discretionary,B01SD70,US25754A2015,New York Stock Exchange Inc.
ODFL,OLD DOMINION FREIGHT LINE INC,Equity,0.58,146.97,"1,760,162.00","258,691,009.14","258,691,009.14",Industrials,2656423,US6795801009,NASDAQ
KEYS,KEYSIGHT TECHNOLOGIES INC,Equity,0.57,52.39,"4,891,419.00","256,261,441.41","256,261,441.41",Information Technology,BQZJ0Q9,US49338L1035,New York Stock Exchange Inc.
RGA,REINSURANCE GROUP OF AMERICA INC,Equity,0.57,154,"1,659,991.00","255,638,614.00","255,638,614.00",Financials,2731193,US7593516047,New York Stock Exchange Inc.
SEIC,SEI INVESTMENTS,Equity,0.56,74.91,"3,360,649.00","251,746,216.59","251,746,216.59",Financials,2793610,US7841171033,NASDAQ
NVR,NVR INC,Equity,0.55,"2,800.00","88,205.00","246,974,000.00","246,974,000.00",Consumer Discretionary,2637785,US62944T1051,New York Stock Exchange Inc.
ATO,ATMOS ENERGY CORP,Equity,0.54,84.24,"2,856,550.00","240,635,772.00","240,635,772.00",Utilities,2315359,US0495601058,New York Stock Exchange Inc.
JKHY,JACK HENRY ANS ASSOCIATES INC,Equity,0.54,120.95,"1,989,077.00","240,578,863.15","240,578,863.15",Information Technology,2469193,US4262811015,NASDAQ
INGR,INGREDION INC,Equity,0.54,128.92,"1,859,642.00","239,745,046.64","239,745,046.64",Consumer Staples,B7K24P7,US4571871023,New York Stock Exchange Inc.
LDOS,LEIDOS HOLDINGS INC,Equity,0.54,65.4,"3,665,225.00","239,705,715.00","239,705,715.00",Information Technology,BDV82B8,US5253271028,New York Stock Exchange Inc.
PTC,PTC INC,Equity,0.52,78.01,"2,993,622.00","233,532,452.22","233,532,452.22",Information Technology,B95N910,US69370C1009,NASDAQ
EWBC,EAST WEST BANCORP INC,Equity,0.52,62.54,"3,721,144.00","232,720,345.76","232,720,345.76",Financials,2487407,US27579R1041,NASDAQ
CGNX,COGNEX CORP,Equity,0.52,51.99,"4,467,946.00","232,288,512.54","232,288,512.54",Information Technology,2208288,US1924221039,NASDAQ
CC,CHEMOURS,Equity,0.52,48.71,"4,766,901.00","232,195,747.71","232,195,747.71",Materials,BZ0CTP8,US1638511089,New York Stock Exchange Inc.
TER,TERADYNE INC,Equity,0.51,45.71,"5,031,013.00","229,967,604.23","229,967,604.23",Information Technology,2884183,US8807701029,New York Stock Exchange Inc.
TRMB,TRIMBLE INC,Equity,0.51,35.88,"6,391,439.00","229,324,831.32","229,324,831.32",Information Technology,2903958,US8962391004,NASDAQ
HFC,HOLLYFRONTIER CORP,Equity,0.5,48.86,"4,566,051.00","223,097,251.86","223,097,251.86",Energy,B5VX1H6,US4361061082,New York Stock Exchange Inc.
WCG,WELLCARE HEALTHCARE PLANS INC,Equity,0.5,193.63,"1,146,385.00","221,974,527.55","221,974,527.55",Health Care,B01R258,US94946T1060,New York Stock Exchange Inc.
LW,LAMB WESTON HOLDINGS INC,Equity,0.49,58.22,"3,763,066.00","219,085,702.52","219,085,702.52",Consumer Staples,BDQZFJ3,US5132721045,New York Stock Exchange Inc.
Y,ALLEGHANY CORP,Equity,0.48,614.44,"351,000.00","215,668,440.00","215,668,440.00",Financials,2016801,US0171751003,New York Stock Exchange Inc.
MKTX,MARKETAXESS HOLDINGS INC,Equity,0.47,217.44,"967,617.00","210,398,640.48","210,398,640.48",Financials,B03Q9D0,US57060D1081,NASDAQ
CDK,CDK GLOBAL INC,Equity,0.46,63.34,"3,256,273.00","206,252,331.82","206,252,331.82",Information Technology,BQXTWQ5,US12508E1010,NASDAQ
JLL,JONES LANG LASALLE INC,Equity,0.46,174.64,"1,169,000.00","204,154,160.00","204,154,160.00",Real Estate,2040640,US48020Q1076,New York Stock Exchange Inc.
STE,STERIS,Equity,0.46,93.36,"2,184,373.00","203,933,063.28","203,933,063.28",Health Care,BVVBC02,GB00BVVBC028,New York Stock Exchange Inc.
CPT,CAMDEN PROPERTY TRUST REIT TRUST,Equity,0.45,84.18,"2,385,603.00","200,820,060.54","200,820,060.54",Real Estate,2166320,US1331311027,New York Stock Exchange Inc.
FDS,FACTSET RESEARCH SYSTEMS INC,Equity,0.45,199.42,"1,004,649.00","200,347,103.58","200,347,103.58",Financials,2329770,US3030751057,New York Stock Exchange Inc.
GGG,GRACO INC,Equity,0.45,45.72,"4,362,173.00","199,438,549.56","199,438,549.56",Industrials,2380443,US3841091040,New York Stock Exchange Inc.
FTNT,FORTINET INC,Equity,0.45,53.58,"3,720,066.00","199,321,136.28","199,321,136.28",Information Technology,B5B2106,US34959E1091,NASDAQ
AFG,AMERICAN FINANCIAL GROUP INC,Equity,0.45,112.22,"1,775,654.00","199,263,891.88","199,263,891.88",Financials,2134532,US0259321042,New York Stock Exchange Inc.
UGI,UGI CORP,Equity,0.44,44.42,"4,454,116.00","197,851,832.72","197,851,832.72",Utilities,2910118,US9026811052,New York Stock Exchange Inc.
LII,LENNOX INTERNATIONAL INC,Equity,0.44,204.37,"967,887.00","197,807,066.19","197,807,066.19",Industrials,2442053,US5261071071,New York Stock Exchange Inc.
OA,ORBITAL ATK INC,Equity,0.44,132.61,"1,487,948.00","197,316,784.28","197,316,784.28",Industrials,BVGC686,US68557N1037,New York Stock Exchange Inc.
SBNY,SIGNATURE BANK,Equity,0.44,141.95,"1,382,023.00","196,178,164.85","196,178,164.85",Financials,B00JQL9,US82669G1040,NASDAQ
MAN,MANPOWER INC,Equity,0.44,115.1,"1,703,289.00","196,048,563.90","196,048,563.90",Industrials,2562490,US56418H1005,New York Stock Exchange Inc.
MSCC,MICROSEMI CORP,Equity,0.44,64.72,"3,027,343.00","195,929,638.96","195,929,638.96",Information Technology,2588140,US5951371005,NASDAQ
WR,WESTAR ENERGY INC,Equity,0.43,52.59,"3,661,700.00","192,568,803.00","192,568,803.00",Utilities,2484000,US95709T1007,New York Stock Exchange Inc.
TYL,TYLER TECHNOLOGIES INC,Equity,0.43,210.96,"908,028.00","191,557,586.88","191,557,586.88",Information Technology,2909644,US9022521051,New York Stock Exchange Inc.
ZBRA,ZEBRA TECHNOLOGIES CORP CLASS A,Equity,0.43,139.19,"1,370,893.00","190,814,596.67","190,814,596.67",Information Technology,2989356,US9892071054,NASDAQ
ULTI,ULTIMATE SOFTWARE GROUP INC,Equity,0.41,243.7,"747,727.00","182,221,069.90","182,221,069.90",Information Technology,2249964,US90385D1072,NASDAQ
KRC,KILROY REALTY REIT CORP,Equity,0.4,70.96,"2,541,471.00","180,342,782.16","180,342,782.16",Real Estate,2495529,US49427F1084,New York Stock Exchange Inc.
SCI,SERVICE,Equity,0.4,37.74,"4,762,927.00","179,752,864.98","179,752,864.98",Consumer Discretionary,2797560,US8175651046,New York Stock Exchange Inc.
WRB,WR BERKLEY CORP,Equity,0.4,72.7,"2,471,921.00","179,708,656.70","179,708,656.70",Financials,2093644,US0844231029,New York Stock Exchange Inc.
WAB,WESTINGHOUSE AIR BRAKE TECHNOLOGIE,Equity,0.4,81.4,"2,201,665.00","179,215,531.00","179,215,531.00",Industrials,2955733,US9297401088,New York Stock Exchange Inc.
NDSN,NORDSON CORP,Equity,0.4,136.34,"1,313,391.00","179,067,728.94","179,067,728.94",Industrials,2641838,US6556631025,NASDAQ
GXP,GREAT PLAINS ENERGY INC,Equity,0.4,31.79,"5,571,209.00","177,108,734.11","177,108,734.11",Utilities,2483706,US3911641005,New York Stock Exchange Inc.
ARW,ARROW ELECTRONICS INC,Equity,0.39,77.02,"2,258,028.00","173,913,316.56","173,913,316.56",Information Technology,2051404,US0427351004,New York Stock Exchange Inc.
PII,POLARIS INDUSTRIES INC,Equity,0.39,114.52,"1,514,411.00","173,430,347.72","173,430,347.72",Consumer Discretionary,2692933,US7310681025,New York Stock Exchange Inc.
TTC,TORO,Equity,0.39,62.45,"2,769,207.00","172,936,977.15","172,936,977.15",Industrials,2897040,US8910921084,New York Stock Exchange Inc.
TDY,TELEDYNE TECHNOLOGIES INC,Equity,0.39,187.17,"921,156.00","172,412,768.52","172,412,768.52",Industrials,2503477,US8793601050,New York Stock Exchange Inc.
HUBB,HUBBELL INC,Equity,0.39,121.78,"1,413,176.00","172,096,573.28","172,096,573.28",Industrials,BDFG6S3,US4435106079,New York Stock Exchange Inc.
EV,EATON VANCE COM NON VOTING CORP,Equity,0.39,55.67,"3,091,144.00","172,083,986.48","172,083,986.48",Financials,2301057,US2782651036,New York Stock Exchange Inc.
OGE,OGE ENERGY CORP,Equity,0.38,32.77,"5,159,108.00","169,063,969.16","169,063,969.16",Utilities,2657802,US6708371033,New York Stock Exchange Inc.
WST,WEST PHARMACEUTICAL SERVICES INC,Equity,0.38,88.29,"1,911,324.00","168,750,795.96","168,750,795.96",Health Care,2950482,US9553061055,New York Stock Exchange Inc.
JBLU,JETBLUE AIRWAYS CORP,Equity,0.38,20.32,"8,285,998.00","168,371,479.36","168,371,479.36",Industrials,2852760,US4771431016,NASDAQ
CSL,CARLISLE COMPANIES INC,Equity,0.37,104.41,"1,596,237.00","166,663,105.17","166,663,105.17",Industrials,2176318,US1423391002,New York Stock Exchange Inc.
FAF,FIRST AMERICAN FINANCIAL CORP,Equity,0.37,58.68,"2,818,717.00","165,402,313.56","165,402,313.56",Financials,B4NFPK4,US31847R1023,New York Stock Exchange Inc.
RPM,RPM INTERNATIONAL INC,Equity,0.37,47.67,"3,453,106.00","164,609,563.02","164,609,563.02",Materials,2756174,US7496851038,New York Stock Exchange Inc.
NYCB,NEW YORK COMMUNITY BANCORP INC,Equity,0.37,13.03,"12,620,181.00","164,440,958.43","164,440,958.43",Financials,2711656,US6494451031,New York Stock Exchange Inc.
GNTX,GENTEX CORP,Equity,0.37,23.02,"7,089,220.00","163,193,844.40","163,193,844.40",Consumer Discretionary,2366799,US3719011096,NASDAQ
MKSI,MKS INSTRUMENTS INC,Equity,0.36,115.65,"1,402,728.00","162,225,493.20","162,225,493.20",Information Technology,2404871,US55306N1046,NASDAQ
WEX,WEX INC,Equity,0.36,156.62,"1,030,264.00","161,359,947.68","161,359,947.68",Information Technology,B8383P2,US96208T1043,New York Stock Exchange Inc.
RS,RELIANCE STEEL & ALUMINUM,Equity,0.36,85.74,"1,881,477.00","161,317,837.98","161,317,837.98",Materials,2729068,US7595091023,New York Stock Exchange Inc.
PACW,PACWEST BANCORP,Equity,0.36,49.53,"3,249,283.00","160,936,986.99","160,936,986.99",Financials,2619772,US6952631033,NASDAQ
TOL,TOLL BROTHERS INC,Equity,0.36,43.25,"3,693,412.00","159,740,069.00","159,740,069.00",Consumer Discretionary,2896092,US8894781033,New York Stock Exchange Inc.
X,US STEEL CORP CORP,Equity,0.36,35.19,"4,539,167.00","159,733,286.73","159,733,286.73",Materials,2824770,US9129091081,New York Stock Exchange Inc.
FHN,FIRST HORIZON NATIONAL CORP,Equity,0.36,18.83,"8,438,141.00","158,890,195.03","158,890,195.03",Financials,2341484,US3205171057,New York Stock Exchange Inc.
CFR,CULLEN FROST BANKERS INC,Equity,0.35,106.07,"1,494,404.00","158,511,432.28","158,511,432.28",Financials,2239556,US2298991090,New York Stock Exchange Inc.
EGN,ENERGEN CORP,Equity,0.35,62.86,"2,510,962.00","157,839,071.32","157,839,071.32",Energy,2012672,US29265N1081,New York Stock Exchange Inc.
LOGM,LOGMEIN INC,Equity,0.35,115.55,"1,354,471.00","156,509,124.05","156,509,124.05",Information Technology,B600J15,US54142L1098,NASDAQ
WTR,AQUA AMERICA INC,Equity,0.35,34.06,"4,591,983.00","156,402,940.98","156,402,940.98",Utilities,2685234,US03836W1036,New York Stock Exchange Inc.
NNN,NATIONAL RETAIL PROPERTIES REIT IN,Equity,0.35,39.26,"3,965,836.00","155,698,721.36","155,698,721.36",Real Estate,2211811,US6374171063,New York Stock Exchange Inc.
CY,CYPRESS SEMICONDUCTOR CORP,Equity,0.35,16.96,"9,170,912.00","155,538,667.52","155,538,667.52",Information Technology,2244549,US2328061096,NASDAQ
JHG,JANUS HENDERSON GROUP PLC,Equity,0.35,33.09,"4,659,697.00","154,189,373.73","154,189,373.73",Financials,BYPZJQ6,JE00BYPZJM29,New York Stock Exchange Inc.
CW,CURTISS WRIGHT CORP,Equity,0.34,135.07,"1,140,667.00","154,069,891.69","154,069,891.69",Industrials,2241205,US2315611010,New York Stock Exchange Inc.
SNV,SYNOVUS FINANCIAL CORP,Equity,0.34,49.94,"3,065,991.00","153,115,590.54","153,115,590.54",Financials,BMH4NJ8,US87161C5013,New York Stock Exchange Inc.
POOL,POOL CORP,Equity,0.34,146.22,"1,039,948.00","152,061,196.56","152,061,196.56",Consumer Discretionary,2781585,US73278L1052,NASDAQ
WPX,WPX ENERGY INC,Equity,0.34,14.78,"10,287,092.00","152,043,219.76","152,043,219.76",Energy,B40PCD9,US98212B1035,New York Stock Exchange Inc.
KNX,KNIGHT-SWIFT TRANSPORTATION HOLDIN,Equity,0.34,46.01,"3,302,869.00","151,965,002.69","151,965,002.69",Industrials,BF0LKD0,US4990491049,New York Stock Exchange Inc.
OZRK,BANK OF OZARKS,Equity,0.34,48.27,"3,137,024.00","151,424,148.48","151,424,148.48",Financials,2085856,US0639041062,NASDAQ
LPT,LIBERTY PROPERTY REIT TRUST,Equity,0.34,39.73,"3,809,491.00","151,351,077.43","151,351,077.43",Real Estate,2513681,US5311721048,New York Stock Exchange Inc.
DCI,DONALDSON INC,Equity,0.34,45.05,"3,355,915.00","151,183,970.75","151,183,970.75",Industrials,2276467,US2576511099,New York Stock Exchange Inc.
DEI,DOUGLAS EMMETT REIT INC,Equity,0.34,36.76,"4,103,409.00","150,841,314.84","150,841,314.84",Real Estate,B1G3M58,US25960P1093,New York Stock Exchange Inc.
BRO,BROWN & BROWN INC,Equity,0.34,25.44,"5,909,414.00","150,335,492.16","150,335,492.16",Financials,2692687,US1152361010,New York Stock Exchange Inc.
WSO,WATSCO INC,Equity,0.34,180.97,"826,874.00","149,639,387.78","149,639,387.78",Industrials,2943039,US9426222009,New York Stock Exchange Inc.
FSLR,FIRST SOLAR INC,Equity,0.33,70.98,"2,105,211.00","149,427,876.78","149,427,876.78",Information Technology,B1HMF22,US3364331070,NASDAQ
OSK,OSHKOSH CORP,Equity,0.33,77.27,"1,928,394.00","149,007,004.38","149,007,004.38",Industrials,2663520,US6882392011,New York Stock Exchange Inc.
HRC,HILL ROM HOLDINGS INC,Equity,0.33,87,"1,703,620.00","148,214,940.00","148,214,940.00",Health Care,2425924,US4314751029,New York Stock Exchange Inc.
LYV,LIVE NATION ENTERTAINMENT INC,Equity,0.33,42.14,"3,484,198.00","146,824,103.72","146,824,103.72",Consumer Discretionary,B0T7YX2,US5380341090,New York Stock Exchange Inc.
TECH,BIO TECHNE CORP,Equity,0.33,151.04,"968,084.00","146,219,407.36","146,219,407.36",Health Care,BSHZ3Q0,US09073M1045,NASDAQ
ACM,AECOM,Equity,0.33,35.63,"4,099,150.00","146,052,714.50","146,052,714.50",Industrials,B1VZ431,US00766T1007,New York Stock Exchange Inc.
THO,THOR INDUSTRIES INC,Equity,0.33,115.17,"1,266,007.00","145,806,026.19","145,806,026.19",Consumer Discretionary,2889876,US8851601018,New York Stock Exchange Inc.
CBSH,COMMERCE BANCSHARES INC,Equity,0.33,59.91,"2,426,018.00","145,342,738.38","145,342,738.38",Financials,2213204,US2005251036,NASDAQ
RGLD,ROYAL GOLD INC,Equity,0.33,85.87,"1,690,925.00","145,199,729.75","145,199,729.75",Materials,2755706,US7802871084,NASDAQ
EHC,ENCOMPASS HEALTH CORP,Equity,0.32,57.17,"2,535,286.00","144,942,300.62","144,942,300.62",Health Care,BYX2YJ7,US29261A1007,New York Stock Exchange Inc.
ATR,APTARGROUP INC,Equity,0.32,89.83,"1,604,593.00","144,140,589.19","144,140,589.19",Materials,2045247,US0383361039,New York Stock Exchange Inc.
LECO,LINCOLN ELECTRIC HOLDINGS INC,Equity,0.32,89.95,"1,594,124.00","143,391,453.80","143,391,453.80",Industrials,2516851,US5339001068,NASDAQ
RNR,RENAISSANCERE HOLDING LTD,Equity,0.32,138.51,"1,033,968.00","143,214,907.68","143,214,907.68",Financials,2728429,BMG7496G1033,New York Stock Exchange Inc.
MDU,MDU RESOURCES GROUP INC,Equity,0.32,28.16,"5,045,435.00","142,079,449.60","142,079,449.60",Utilities,2547323,US5526901096,New York Stock Exchange Inc.
CTLT,CATALENT INC,Equity,0.32,41.06,"3,432,172.00","140,924,982.32","140,924,982.32",Health Care,BP96PQ4,US1488061029,New York Stock Exchange Inc.
NATI,NATIONAL INSTRUMENTS CORP,Equity,0.31,50.57,"2,769,752.00","140,066,358.64","140,066,358.64",Information Technology,2645078,US6365181022,NASDAQ
OHI,OMEGA HEALTHCARE INVESTORS REIT IN,Equity,0.31,27.04,"5,112,539.00","138,243,054.56","138,243,054.56",Real Estate,2043274,US6819361006,New York Stock Exchange Inc.
LAMR,LAMAR ADVERTISING COMPANY CLAS,Equity,0.31,63.66,"2,165,869.00","137,879,220.54","137,879,220.54",Real Estate,BSPHGN6,US5128161099,NASDAQ
VVC,VECTREN CORP,Equity,0.31,63.92,"2,145,221.00","137,122,526.32","137,122,526.32",Utilities,2572949,US92240G1013,New York Stock Exchange Inc.
DCT,DCT INDUSTRIAL TRUST REIT INC TRUS,Equity,0.31,56.34,"2,422,639.00","136,491,481.26","136,491,481.26",Real Estate,BRWPYN2,US2331532042,New York Stock Exchange Inc.
ACC,AMERICAN CAMPUS COMMUNITIES REIT I,Equity,0.3,38.62,"3,526,173.00","136,180,801.26","136,180,801.26",Real Estate,B02H871,US0248351001,New York Stock Exchange Inc.
SKX,SKECHERS USA INC CLASS A,Equity,0.3,38.89,"3,501,129.00","136,158,906.81","136,158,906.81",Consumer Discretionary,2428042,US8305661055,New York Stock Exchange Inc.
ORI,OLD REPUBLIC INTERNATIONAL CORP,Equity,0.3,21.45,"6,323,910.00","135,647,869.50","135,647,869.50",Financials,2659109,US6802231042,New York Stock Exchange Inc.
MD,MEDNAX INC,Equity,0.3,55.63,"2,423,123.00","134,798,332.49","134,798,332.49",Health Care,2677640,US58502B1061,New York Stock Exchange Inc.
BC,BRUNSWICK CORP,Equity,0.3,59.39,"2,261,936.00","134,336,379.04","134,336,379.04",Consumer Discretionary,2149309,US1170431092,New York Stock Exchange Inc.
LFUS,LITTELFUSE INC,Equity,0.3,208.18,"641,470.00","133,541,224.60","133,541,224.60",Information Technology,2531832,US5370081045,NASDAQ
WBS,WEBSTER FINANCIAL CORP,Equity,0.3,55.4,"2,379,549.00","131,827,014.60","131,827,014.60",Financials,2945143,US9478901096,New York Stock Exchange Inc.
FICO,FAIR ISAAC CORP,Equity,0.29,169.37,"774,232.00","131,131,673.84","131,131,673.84",Information Technology,2330299,US3032501047,New York Stock Exchange Inc.
PB,PROSPERITY BANCSHARES INC,Equity,0.29,72.63,"1,805,261.00","131,116,106.43","131,116,106.43",Financials,2310257,US7436061052,New York Stock Exchange Inc.
STL,STERLING BAN,Equity,0.29,22.55,"5,805,076.00","130,904,463.80","130,904,463.80",Financials,BFNXVB8,US85917A1007,New York Stock Exchange Inc.
OLN,OLIN CORP,Equity,0.29,30.39,"4,301,862.00","130,733,586.18","130,733,586.18",Materials,2658526,US6806652052,New York Stock Exchange Inc.
BIO,BIO RAD LABORATORIES INC CLASS A,Equity,0.29,250.08,"522,239.00","130,601,529.12","130,601,529.12",Health Care,2098508,US0905722072,New York Stock Exchange Inc.
CRL,CHARLES RIVER LABORATORIES INTERNA,Equity,0.29,106.74,"1,221,007.00","130,330,287.18","130,330,287.18",Health Care,2604336,US1598641074,New York Stock Exchange Inc.
JBL,JABIL INC,Equity,0.29,28.73,"4,526,978.00","130,060,077.94","130,060,077.94",Information Technology,2471789,US4663131039,New York Stock Exchange Inc.
EXP,EAGLE MATERIALS INC,Equity,0.29,103.05,"1,256,183.00","129,449,658.15","129,449,658.15",Materials,2191399,US26969P1084,New York Stock Exchange Inc.
AVT,AVNET INC,Equity,0.29,41.76,"3,098,599.00","129,397,494.24","129,397,494.24",Information Technology,2066505,US0538071038,New York Stock Exchange Inc.
THG,HANOVER INSURANCE GROUP INC,Equity,0.29,117.89,"1,094,148.00","128,989,107.72","128,989,107.72",Financials,2020415,US4108671052,New York Stock Exchange Inc.
POST,POST HOLDINGS INC,Equity,0.29,75.76,"1,694,089.00","128,344,182.64","128,344,182.64",Consumer Staples,B6T0518,US7374461041,New York Stock Exchange Inc.
DST,DST SYSTEMS INC,Equity,0.29,83.65,"1,531,163.00","128,081,784.95","128,081,784.95",Information Technology,2282947,US2333261079,New York Stock Exchange Inc.
CRI,CARTERS INC,Equity,0.28,104.1,"1,222,550.00","127,267,455.00","127,267,455.00",Consumer Discretionary,2980939,US1462291097,New York Stock Exchange Inc.
CONE,CYRUSONE REIT INC,Equity,0.28,51.21,"2,483,337.00","127,171,687.77","127,171,687.77",Real Estate,B7YRLH9,US23283R1005,NASDAQ
TRN,TRINITY INDUSTRIES INC,Equity,0.28,32.63,"3,896,323.00","127,137,019.49","127,137,019.49",Industrials,2904627,US8965221091,New York Stock Exchange Inc.
DNKN,DUNKIN BRANDS GROUP INC,Equity,0.28,59.69,"2,124,943.00","126,837,847.67","126,837,847.67",Consumer Discretionary,B3LHT03,US2655041000,NASDAQ
BLKB,BLACKBAUD INC,Equity,0.28,101.81,"1,242,050.00","126,453,110.50","126,453,110.50",Information Technology,2458878,US09227Q1004,NASDAQ
SIX,SIX FLAGS ENTERTAINMENT CORP,Equity,0.28,62.26,"2,027,345.00","126,222,499.70","126,222,499.70",Consumer Discretionary,B43VKB8,US83001A1025,New York Stock Exchange Inc.
ROL,ROLLINS INC,Equity,0.28,51.03,"2,471,774.00","126,134,627.22","126,134,627.22",Industrials,2747305,US7757111049,New York Stock Exchange Inc.
UTHR,UNITED THERAPEUTICS CORP,Equity,0.28,112.36,"1,117,028.00","125,509,266.08","125,509,266.08",Health Care,2430412,US91307C1027,NASDAQ
SLM,SLM CORP,Equity,0.28,11.21,"11,161,395.00","125,119,237.95","125,119,237.95",Financials,2101967,US78442P1066,NASDAQ
WTFC,WINTRUST FINANCIAL CORP,Equity,0.28,86.05,"1,453,212.00","125,048,892.60","125,048,892.60",Financials,2425258,US97650W1080,NASDAQ
TDC,TERADATA CORP,Equity,0.28,39.67,"3,147,996.00","124,881,001.32","124,881,001.32",Information Technology,B247H10,US88076W1036,New York Stock Exchange Inc.
SABR,SABRE CORP,Equity,0.28,21.45,"5,800,047.00","124,411,008.15","124,411,008.15",Information Technology,BLLHH27,US78573M1045,NASDAQ
SON,SONOCO PRODUCTS,Equity,0.28,48.5,"2,561,237.00","124,219,994.50","124,219,994.50",Materials,2821395,US8354951027,New York Stock Exchange Inc.
IBKR,INTERACTIVE BROKERS GROUP INC CLAS,Equity,0.28,67.24,"1,840,031.00","123,723,684.44","123,723,684.44",Financials,B1WT4X2,US45841N1072,NASDAQ
CLB,CORE LABORATORIES NV,Equity,0.28,108.22,"1,139,517.00","123,318,529.74","123,318,529.74",Energy,2182531,NL0000200384,New York Stock Exchange Inc.
PNFP,PINNACLE FINANCIAL PARTNERS INC,Equity,0.27,64.2,"1,904,868.00","122,292,525.60","122,292,525.60",Financials,2675097,US72346Q1040,NASDAQ
MPW,MEDICAL PROPERTIES TRUST REIT INC,Equity,0.27,13,"9,388,806.00","122,054,478.00","122,054,478.00",Real Estate,B0JL5L9,US58463J3041,New York Stock Exchange Inc.
CR,CRANE,Equity,0.27,92.74,"1,310,942.00","121,576,761.08","121,576,761.08",Industrials,2231897,US2243991054,New York Stock Exchange Inc.
UMPQ,UMPQUA HOLDINGS CORP,Equity,0.27,21.41,"5,675,021.00","121,502,199.61","121,502,199.61",Financials,2484389,US9042141039,NASDAQ
COHR,COHERENT INC,Equity,0.27,187.4,"638,940.00","119,737,356.00","119,737,356.00",Information Technology,2208374,US1924791031,NASDAQ
ARRS,ARRIS INTERNATIONAL PLC,Equity,0.27,26.57,"4,498,260.00","119,518,768.20","119,518,768.20",Information Technology,BZ04Y37,GB00BZ04Y379,NASDAQ
LSTR,LANDSTAR SYSTEM INC,Equity,0.27,109.65,"1,081,031.00","118,535,049.15","118,535,049.15",Industrials,2503994,US5150981018,NASDAQ
EME,EMCOR GROUP INC,Equity,0.26,77.93,"1,508,014.00","117,519,531.02","117,519,531.02",Industrials,2474164,US29084Q1004,New York Stock Exchange Inc.
HIW,HIGHWOODS PROPERTIES REIT INC,Equity,0.26,43.82,"2,668,211.00","116,921,006.02","116,921,006.02",Real Estate,2420640,US4312841087,New York Stock Exchange Inc.
RYN,RAYONIER REIT INC,Equity,0.26,35.18,"3,323,192.00","116,909,894.56","116,909,894.56",Real Estate,2473138,US7549071030,New York Stock Exchange Inc.
MPWR,MONOLITHIC POWER SYSTEMS INC,Equity,0.26,115.77,"999,474.00","115,709,104.98","115,709,104.98",Information Technology,B01Z7J1,US6098391054,NASDAQ
TCBI,TEXAS CAPITAL BANCSHARES INC,Equity,0.26,89.9,"1,278,211.00","114,911,168.90","114,911,168.90",Financials,2977209,US88224Q1076,NASDAQ
IDA,IDACORP INC,Equity,0.26,88.27,"1,301,777.00","114,907,855.79","114,907,855.79",Utilities,2296937,US4511071064,New York Stock Exchange Inc.
VVV,VALVOLINE INC,Equity,0.26,22.13,"5,168,436.00","114,377,488.68","114,377,488.68",Materials,BDG22J3,US92047W1018,New York Stock Exchange Inc.
NFG,NATIONAL FUEL GAS,Equity,0.25,51.45,"2,208,925.00","113,649,191.25","113,649,191.25",Utilities,2626103,US6361801011,New York Stock Exchange Inc.
HBHC,HANCOCK HOLDING,Equity,0.25,51.7,"2,194,789.00","113,470,591.30","113,470,591.30",Financials,2415497,US4101201097,NASDAQ
GWR,GENESEE & WYOMING INC CLASS A,Equity,0.25,70.79,"1,594,842.00","112,898,865.18","112,898,865.18",Industrials,2374060,US3715591059,New York Stock Exchange Inc.
MMS,MAXIMUS INC,Equity,0.25,66.74,"1,679,092.00","112,062,600.08","112,062,600.08",Information Technology,2018669,US5779331041,New York Stock Exchange Inc.
FNB,FNB CORP,Equity,0.25,13.45,"8,327,361.00","112,003,005.45","112,003,005.45",Financials,2041308,US3025201019,New York Stock Exchange Inc.
ASH,ASHLAND GLOBAL INC,Equity,0.25,69.79,"1,602,023.00","111,805,185.17","111,805,185.17",Materials,BYND5N1,US0441861046,New York Stock Exchange Inc.
RIG,TRANSOCEAN LTD,Equity,0.25,9.9,"11,262,904.00","111,502,749.60","111,502,749.60",Energy,B3KFWW1,CH0048265513,New York Stock Exchange Inc.
DNB,DUN & BRADSTREET CORP,Equity,0.25,117,"952,438.00","111,435,246.00","111,435,246.00",Industrials,2636254,US26483E1001,New York Stock Exchange Inc.
WGL,WGL HOLDINGS INC,Equity,0.25,83.65,"1,326,820.00","110,988,493.00","110,988,493.00",Utilities,2942100,US92924F1066,New York Stock Exchange Inc.
ITT,ITT INC,Equity,0.25,48.98,"2,265,517.00","110,965,022.66","110,965,022.66",Industrials,BZBY209,US45073V1089,New York Stock Exchange Inc.
AGCO,AGCO CORP,Equity,0.25,64.85,"1,699,791.00","110,231,446.35","110,231,446.35",Industrials,2010278,US0010841023,New York Stock Exchange Inc.
SF,STIFEL FINANCIAL CORP,Equity,0.25,59.23,"1,856,236.00","109,944,858.28","109,944,858.28",Financials,2849234,US8606301021,New York Stock Exchange Inc.
ASB,ASSOCIATED BANCORP,Equity,0.24,24.85,"4,402,183.00","109,394,247.55","109,394,247.55",Financials,2055718,US0454871056,New York Stock Exchange Inc.
DLPH,DELPHI TECHNOLOGIES PLC,Equity,0.24,47.65,"2,289,230.00","109,081,809.50","109,081,809.50",Consumer Discretionary,BD85SC5,JE00BD85SC56,New York Stock Exchange Inc.
MUR,MURPHY OIL CORP,Equity,0.24,25.84,"4,190,732.00","108,288,514.88","108,288,514.88",Energy,2611206,US6267171022,New York Stock Exchange Inc.
MASI,MASIMO CORP,Equity,0.24,87.95,"1,227,255.00","107,937,077.25","107,937,077.25",Health Care,B1YWR63,US5747951003,NASDAQ
LPX,LOUISIANA PACIFIC CORP,Equity,0.24,28.77,"3,731,611.00","107,358,448.47","107,358,448.47",Materials,2535243,US5463471053,New York Stock Exchange Inc.
KEX,KIRBY CORP,Equity,0.24,76.95,"1,387,962.00","106,803,675.90","106,803,675.90",Industrials,2493534,US4972661064,New York Stock Exchange Inc.
PRI,PRIMERICA INC,Equity,0.24,96.6,"1,105,268.00","106,768,888.80","106,768,888.80",Financials,B50K3X8,US74164M1080,New York Stock Exchange Inc.
CASY,CASEYS GENERAL STORES INC,Equity,0.24,109.77,"969,992.00","106,476,021.84","106,476,021.84",Consumer Staples,2179414,US1475281036,NASDAQ
MSM,MSC INDUSTRIAL INC CLASS A,Equity,0.24,91.71,"1,159,827.00","106,367,734.17","106,367,734.17",Industrials,2567655,US5535301064,New York Stock Exchange Inc.
WSM,WILLIAMS SONOMA INC,Equity,0.24,52.76,"2,000,592.00","105,551,233.92","105,551,233.92",Consumer Discretionary,2967589,US9699041011,New York Stock Exchange Inc.
VSM,VERSUM MATERIALS INC,Equity,0.24,37.63,"2,804,466.00","105,532,055.58","105,532,055.58",Information Technology,BD37KN1,US92532W1036,New York Stock Exchange Inc.
FLO,FLOWERS FOODS INC,Equity,0.23,21.86,"4,792,661.00","104,767,569.46","104,767,569.46",Consumer Staples,2744243,US3434981011,New York Stock Exchange Inc.
IDTI,INTEGRATED DEVICE TECHNOLOGY INC,Equity,0.23,30.56,"3,418,805.00","104,478,680.80","104,478,680.80",Information Technology,2462437,US4581181066,NASDAQ
CNK,CINEMARK HOLDINGS INC,Equity,0.23,37.67,"2,728,539.00","102,784,064.13","102,784,064.13",Consumer Discretionary,B1W7RQ0,US17243V1026,New York Stock Exchange Inc.
CMD,CANTEL MEDICAL CORP,Equity,0.23,111.41,"918,403.00","102,319,278.23","102,319,278.23",Health Care,2188153,US1380981084,New York Stock Exchange Inc.
BMS,BEMIS INC,Equity,0.23,43.52,"2,342,127.00","101,929,367.04","101,929,367.04",Materials,2090173,US0814371052,New York Stock Exchange Inc.
CREE,CREE INC,Equity,0.23,40.31,"2,526,394.00","101,838,942.14","101,838,942.14",Information Technology,2232351,US2254471012,NASDAQ
WWD,WOODWARD INC,Equity,0.23,71.66,"1,419,684.00","101,734,555.44","101,734,555.44",Industrials,2948089,US9807451037,NASDAQ
TCF,TCF FINANCIAL CORP,Equity,0.23,22.81,"4,416,582.00","100,742,235.42","100,742,235.42",Financials,2868455,US8722751026,New York Stock Exchange Inc.
PTEN,PATTERSON UTI ENERGY INC,Equity,0.23,17.51,"5,742,463.00","100,550,527.13","100,550,527.13",Energy,2672537,US7034811015,NASDAQ
CHFC,CHEMICAL FINANCIAL CORP,Equity,0.22,54.68,"1,835,548.00","100,367,764.64","100,367,764.64",Financials,2190277,US1637311028,NASDAQ
LSI,LIFE STORAGE INC,Equity,0.22,83.52,"1,197,499.00","100,015,116.48","100,015,116.48",Real Estate,BDCSFJ6,US53223X1072,New York Stock Exchange Inc.
JCOM,J2 GLOBAL INC,Equity,0.22,78.92,"1,264,871.00","99,823,619.32","99,823,619.32",Information Technology,B75DGJ3,US48123V1026,NASDAQ
R,RYDER SYSTEM INC,Equity,0.22,72.79,"1,368,606.00","99,620,830.74","99,620,830.74",Industrials,2760669,US7835491082,New York Stock Exchange Inc.
LIVN,LIVANOVA PLC,Equity,0.22,88.5,"1,119,015.00","99,032,827.50","99,032,827.50",Health Care,BYMT0J1,GB00BYMT0J19,NASDAQ
SLAB,SILICON LABORATORIES INC,Equity,0.22,89.9,"1,099,521.00","98,846,937.90","98,846,937.90",Information Technology,2568131,US8269191024,NASDAQ
ICUI,ICU MEDICAL INC,Equity,0.22,252.4,"390,214.00","98,490,013.60","98,490,013.60",Health Care,2451918,US44930G1076,NASDAQ
CBRL,CRACKER BARREL OLD COUNTRY STORE I,Equity,0.22,159.2,"617,980.00","98,382,416.00","98,382,416.00",Consumer Discretionary,2231091,US22410J1060,NASDAQ
TXRH,TEXAS ROADHOUSE INC,Equity,0.22,57.78,"1,690,058.00","97,651,551.24","97,651,551.24",Consumer Discretionary,B033TJ7,US8826811098,NASDAQ
PBF,PBF ENERGY INC CLASS A,Equity,0.22,33.9,"2,866,408.00","97,171,231.20","97,171,231.20",Energy,B7F4TJ7,US69318G1067,New York Stock Exchange Inc.
CIEN,CIENA CORP,Equity,0.22,25.9,"3,726,477.00","96,515,754.30","96,515,754.30",Information Technology,B1FLZ21,US1717793095,New York Stock Exchange Inc.
MOH,MOLINA HEALTHCARE INC,Equity,0.22,81.18,"1,188,091.00","96,449,227.38","96,449,227.38",Health Care,2212706,US60855R1005,New York Stock Exchange Inc.
NCR,NCR CORP,Equity,0.22,31.52,"3,058,679.00","96,409,562.08","96,409,562.08",Information Technology,2632650,US62886E1082,New York Stock Exchange Inc.
HE,HAWAIIAN ELECTRIC INDUSTRIES INC,Equity,0.22,34.38,"2,802,020.00","96,333,447.60","96,333,447.60",Utilities,2415204,US4198701009,New York Stock Exchange Inc.
DAN,DANA INCORPORATED INC,Equity,0.22,25.76,"3,738,947.00","96,315,274.72","96,315,274.72",Consumer Discretionary,B2PFJR3,US2358252052,New York Stock Exchange Inc.
MDSO,MEDIDATA SOLUTIONS INC,Equity,0.22,62.81,"1,531,228.00","96,176,430.68","96,176,430.68",Health Care,B5424Q0,US58471A1051,NASDAQ
NEU,NEWMARKET CORP,Equity,0.21,401.68,"237,359.00","95,342,363.12","95,342,363.12",Materials,B01CGF1,US6515871076,New York Stock Exchange Inc.
UBSI,UNITED BANKSHARES INC,Equity,0.21,35.25,"2,704,245.00","95,324,636.25","95,324,636.25",Financials,2905794,US9099071071,NASDAQ
CLGX,CORELOGIC INC,Equity,0.21,45.23,"2,105,086.00","95,213,039.78","95,213,039.78",Information Technology,B5541Y2,US21871D1037,New York Stock Exchange Inc.
ALE,ALLETE INC,Equity,0.21,72.25,"1,309,360.00","94,601,260.00","94,601,260.00",Utilities,B02R1L6,US0185223007,New York Stock Exchange Inc.
NUS,NU SKIN ENTERPRISES INC CLASS A,Equity,0.21,73.71,"1,276,554.00","94,094,795.34","94,094,795.34",Consumer Staples,2616870,US67018T1051,New York Stock Exchange Inc.
CUZ,COUSINS PROPERTIES REIT INC,Equity,0.21,8.68,"10,812,420.00","93,851,805.60","93,851,805.60",Real Estate,2229922,US2227951066,New York Stock Exchange Inc.
GMED,GLOBUS MEDICAL INC CLASS A,Equity,0.21,49.82,"1,866,189.00","92,973,535.98","92,973,535.98",Health Care,B7D65M0,US3795772082,New York Stock Exchange Inc.
BCO,BRINKS,Equity,0.21,71.35,"1,301,999.00","92,897,628.65","92,897,628.65",Industrials,2691305,US1096961040,New York Stock Exchange Inc.
HOMB,HOME BANCSHARES INC,Equity,0.21,22.81,"4,069,652.00","92,828,762.12","92,828,762.12",Financials,B17MTL9,US4368932004,NASDAQ
VSAT,VIASAT INC,Equity,0.21,65.72,"1,410,548.00","92,701,214.56","92,701,214.56",Information Technology,2946243,US92552V1008,NASDAQ
EVR,EVERCORE INC CLASS A,Equity,0.21,87.2,"1,062,824.00","92,678,252.80","92,678,252.80",Financials,B1BHXZ2,US29977A1051,New York Stock Exchange Inc.
HPT,HOSPITALITY PROPERTIES TRUST REIT,Equity,0.21,25.34,"3,653,370.00","92,576,395.80","92,576,395.80",Real Estate,2438966,US44106M1027,NASDAQ
EPR,EPR PROPERTIES REIT,Equity,0.21,55.4,"1,669,639.00","92,498,000.60","92,498,000.60",Real Estate,B8XXZP1,US26884U1097,New York Stock Exchange Inc.
KLXI,KLX INC,Equity,0.21,71.06,"1,301,100.00","92,456,166.00","92,456,166.00",Industrials,BT6T3G0,US4825391034,NASDAQ
ENR,ENERGIZER HOLDINGS INC,Equity,0.21,59.58,"1,541,920.00","91,867,593.60","91,867,593.60",Consumer Staples,BYZFPN5,US29272W1099,New York Stock Exchange Inc.
DLX,DELUXE CORP,Equity,0.21,74.01,"1,238,062.00","91,628,968.62","91,628,968.62",Industrials,2260363,US2480191012,New York Stock Exchange Inc.
BOH,BANK OF HAWAII CORP.,Equity,0.2,83.1,"1,094,584.00","90,959,930.40","90,959,930.40",Financials,2074070,US0625401098,New York Stock Exchange Inc.
OI,OWENS ILLINOIS INC,Equity,0.2,21.66,"4,199,069.00","90,951,834.54","90,951,834.54",Materials,2662862,US6907684038,New York Stock Exchange Inc.
NJR,NEW JERSEY RESOURCES CORP,Equity,0.2,40.1,"2,263,072.00","90,749,187.20","90,749,187.20",Utilities,2630513,US6460251068,New York Stock Exchange Inc.
FR,FIRST INDUSTRIAL REALTY TRUST INC,Equity,0.2,29.23,"3,093,613.00","90,426,307.99","90,426,307.99",Real Estate,2360757,US32054K1034,New York Stock Exchange Inc.
SNX,SYNNEX CORP,Equity,0.2,118.4,"758,548.00","89,812,083.20","89,812,083.20",Information Technology,2002554,US87162W1009,New York Stock Exchange Inc.
TCO,TAUBMAN CENTERS REIT INC,Equity,0.2,56.91,"1,568,048.00","89,237,611.68","89,237,611.68",Real Estate,2872252,US8766641034,New York Stock Exchange Inc.
HR,HEALTHCARE REALTY TRUST REIT INC T,Equity,0.2,27.71,"3,215,203.00","89,093,275.13","89,093,275.13",Real Estate,2417921,US4219461047,New York Stock Exchange Inc.
CBT,CABOT CORP,Equity,0.2,55.72,"1,596,699.00","88,968,068.28","88,968,068.28",Materials,2162500,US1270551013,New York Stock Exchange Inc.
OGS,ONE GAS INC,Equity,0.2,66.02,"1,345,601.00","88,836,578.02","88,836,578.02",Utilities,BJ0KXV4,US68235P1084,New York Stock Exchange Inc.
LM,LEGG MASON INC,Equity,0.2,40.65,"2,183,959.00","88,777,933.35","88,777,933.35",Financials,2510615,US5249011058,New York Stock Exchange Inc.
POL,POLYONE CORP,Equity,0.2,42.52,"2,082,394.00","88,543,392.88","88,543,392.88",Materials,2624561,US73179P1066,New York Stock Exchange Inc.
COR,CORESITE REALTY REIT CORP,Equity,0.2,100.26,"881,557.00","88,384,904.82","88,384,904.82",Real Estate,B3T3VV8,US21870Q1058,New York Stock Exchange Inc.
SMG,SCOTTS MIRACLE GRO,Equity,0.2,85.75,"1,029,378.00","88,269,163.50","88,269,163.50",Materials,2781518,US8101861065,New York Stock Exchange Inc.
MBFI,MB FINANCIAL INC,Equity,0.2,40.48,"2,162,214.00","87,526,422.72","87,526,422.72",Financials,2817651,US55264U1088,NASDAQ
SAIC,SCIENCE APPLICATIONS INTERNATIONAL,Equity,0.19,78.8,"1,104,806.00","87,058,712.80","87,058,712.80",Information Technology,BDTZZG7,US8086251076,New York Stock Exchange Inc.
SNH,SENIOR HOUSING PROPERTIES TRUST RE,Equity,0.19,15.66,"5,539,544.00","86,749,259.04","86,749,259.04",Real Estate,2501631,US81721M1099,NASDAQ
DY,DYCOM INDUSTRIES INC,Equity,0.19,107.63,"804,923.00","86,633,862.49","86,633,862.49",Industrials,2289841,US2674751019,New York Stock Exchange Inc.
AEO,AMERICAN EAGLE OUTFITTERS INC,Equity,0.19,19.93,"4,336,413.00","86,424,711.09","86,424,711.09",Consumer Discretionary,2048592,US02553E1064,New York Stock Exchange Inc.
WRI,WEINGARTEN REALTY INVESTORS REIT,Equity,0.19,28.08,"3,075,321.00","86,355,013.68","86,355,013.68",Real Estate,2946618,US9487411038,New York Stock Exchange Inc.
CAR,AVIS BUDGET GROUP INC,Equity,0.19,46.84,"1,840,320.00","86,200,588.80","86,200,588.80",Industrials,B1CL8J2,US0537741052,NASDAQ
VMI,VALMONT INDS INC,Equity,0.19,146.3,"587,841.00","86,001,138.30","86,001,138.30",Industrials,2926825,US9202531011,New York Stock Exchange Inc.
HAIN,HAIN CELESTIAL GROUP INC,Equity,0.19,32.07,"2,675,313.00","85,797,287.91","85,797,287.91",Consumer Staples,2492337,US4052171000,NASDAQ
VLY,VALLEY NATIONAL,Equity,0.19,12.46,"6,813,296.00","84,893,668.16","84,893,668.16",Financials,2935326,US9197941076,New York Stock Exchange Inc.
KMT,KENNAMETAL INC,Equity,0.19,40.16,"2,111,886.00","84,813,341.76","84,813,341.76",Industrials,2488121,US4891701009,New York Stock Exchange Inc.
LHO,LASALLE HOTEL PROPERTIES REIT,Equity,0.19,29.01,"2,914,746.00","84,556,781.46","84,556,781.46",Real Estate,2240161,US5179421087,New York Stock Exchange Inc.
ILG,ILG INC,Equity,0.19,31.11,"2,717,911.00","84,554,211.21","84,554,211.21",Consumer Discretionary,BYT3YH2,US44967H1014,NASDAQ
SWX,SOUTHWEST GAS HOLDINGS INC,Equity,0.19,67.63,"1,244,031.00","84,133,816.53","84,133,816.53",Utilities,2831888,US8448951025,New York Stock Exchange Inc.
RBC,REGAL BELOIT CORP,Equity,0.19,73.35,"1,140,933.00","83,687,435.55","83,687,435.55",Industrials,2730082,US7587501039,New York Stock Exchange Inc.
CABO,CABLE ONE INC,Equity,0.19,687.11,"120,732.00","82,956,164.52","82,956,164.52",Consumer Discretionary,BZ07DS4,US12685J1051,New York Stock Exchange Inc.
HCSG,HEALTHCARE SERVICES INC,Equity,0.19,43.48,"1,907,885.00","82,954,839.80","82,954,839.80",Industrials,2417619,US4219061086,NASDAQ
UMBF,UMB FINANCIAL CORP,Equity,0.18,72.39,"1,140,020.00","82,526,047.80","82,526,047.80",Financials,2918510,US9027881088,NASDAQ
ACHC,ACADIA HEALTHCARE COMPANY INC,Equity,0.18,39.18,"2,105,735.00","82,502,697.30","82,502,697.30",Health Care,B65VZ37,US00404A1097,NASDAQ
WEN,WENDYS,Equity,0.18,17.55,"4,638,716.00","81,409,465.80","81,409,465.80",Consumer Discretionary,B3NXMJ9,US95058W1009,NASDAQ
JBGS,JBG SMITH PROPERTIES,Equity,0.18,33.71,"2,403,986.00","81,038,368.06","81,038,368.06",Real Estate,BD3BX01,US46590V1008,New York Stock Exchange Inc.
SBRA,SABRA HEALTH CARE REIT INC,Equity,0.18,17.65,"4,588,439.00","80,985,948.35","80,985,948.35",Real Estate,B5NLBP6,US78573L1061,NASDAQ
TKR,TIMKEN,Equity,0.18,45.6,"1,774,441.00","80,914,509.60","80,914,509.60",Industrials,2892807,US8873891043,New York Stock Exchange Inc.
PCH,POTLATCHDELTIC CORP,Equity,0.18,52.05,"1,547,432.00","80,543,835.60","80,543,835.60",Real Estate,B0XXJN1,US7376301039,NASDAQ
CNX,CNX RESOURCES CORP,Equity,0.18,15.43,"5,202,400.00","80,273,032.00","80,273,032.00",Energy,BF3FTF4,US12653C1080,New York Stock Exchange Inc.
FULT,FULTON FINANCIAL CORP,Equity,0.18,17.75,"4,512,668.00","80,099,857.00","80,099,857.00",Financials,2356585,US3602711000,NASDAQ
NYT,NEW YORK TIMES CLASS A,Equity,0.18,24.1,"3,296,196.00","79,438,323.60","79,438,323.60",Consumer Discretionary,2632003,US6501111073,New York Stock Exchange Inc.
FII,FEDERATED INVESTORS INC CLASS B,Equity,0.18,33.4,"2,377,736.00","79,416,382.40","79,416,382.40",Financials,2246288,US3142111034,New York Stock Exchange Inc.
CATY,CATHAY GENERAL BANCORP,Equity,0.18,39.98,"1,977,289.00","79,052,014.22","79,052,014.22",Financials,2264235,US1491501045,NASDAQ
SXT,SENSIENT TECHNOLOGIES CORP,Equity,0.18,70.58,"1,114,980.00","78,695,288.40","78,695,288.40",Materials,2923741,US81725T1007,New York Stock Exchange Inc.
PNM,PNM RESOURCES INC,Equity,0.18,38.25,"2,050,608.00","78,435,756.00","78,435,756.00",Utilities,2707826,US69349H1077,New York Stock Exchange Inc.
BBBY,BED BATH AND BEYOND INC,Equity,0.17,20.99,"3,679,043.00","77,223,112.57","77,223,112.57",Consumer Discretionary,2085878,US0758961009,NASDAQ
WAFD,WASHINGTON FEDERAL INC,Equity,0.17,34.6,"2,231,056.00","77,194,537.60","77,194,537.60",Financials,2941981,US9388241096,NASDAQ
CNO,CNO FINANCIAL GROUP INC,Equity,0.17,21.67,"3,559,339.00","77,130,876.13","77,130,876.13",Financials,2657750,US12621E1038,New York Stock Exchange Inc.
ATI,ALLEGHENY TECHNOLOGIES INC,Equity,0.17,23.68,"3,235,043.00","76,605,818.24","76,605,818.24",Materials,2526117,US01741R1023,New York Stock Exchange Inc.
URBN,URBAN OUTFITTERS INC,Equity,0.17,36.96,"2,062,211.00","76,219,318.56","76,219,318.56",Consumer Discretionary,2933438,US9170471026,NASDAQ
TECD,TECH DATA CORP,Equity,0.17,85.13,"893,840.00","76,092,599.20","76,092,599.20",Information Technology,2879532,US8782371061,NASDAQ
MTDR,MATADOR RESOURCES,Equity,0.17,29.91,"2,512,938.00","75,161,975.58","75,161,975.58",Energy,B7MSLL8,US5764852050,New York Stock Exchange Inc.
ENS,ENERSYS,Equity,0.17,69.37,"1,082,677.00","75,105,303.49","75,105,303.49",Industrials,B020GQ5,US29275Y1029,New York Stock Exchange Inc.
BKH,BLACK HILLS CORP,Equity,0.17,54.3,"1,378,456.00","74,850,160.80","74,850,160.80",Utilities,2101741,US0921131092,New York Stock Exchange Inc.
SFM,SPROUTS FARMERS MARKET INC,Equity,0.17,23.47,"3,186,017.00","74,775,818.99","74,775,818.99",Consumer Staples,BCGCR79,US85208M1027,NASDAQ
BDC,BELDEN INC,Equity,0.17,68.94,"1,083,214.00","74,676,773.16","74,676,773.16",Information Technology,B01WL78,US0774541066,New York Stock Exchange Inc.
DKS,DICKS SPORTING INC,Equity,0.17,35.05,"2,128,901.00","74,617,980.05","74,617,980.05",Consumer Discretionary,2969637,US2533931026,New York Stock Exchange Inc.
TEX,TEREX CORP,Equity,0.17,37.41,"1,987,863.00","74,365,954.83","74,365,954.83",Industrials,2884224,US8807791038,New York Stock Exchange Inc.
AAN,AARONS INC,Equity,0.17,46.6,"1,593,105.00","74,238,693.00","74,238,693.00",Consumer Discretionary,2002918,US0025353006,New York Stock Exchange Inc.
ATGE,ADTALEM GLOBAL EDUCATION INC,Equity,0.17,47.55,"1,557,182.00","74,044,004.10","74,044,004.10",Consumer Discretionary,BZ12TX5,US00737L1035,New York Stock Exchange Inc.
DECK,DECKERS OUTDOOR CORP,Equity,0.17,90.03,"820,544.00","73,873,576.32","73,873,576.32",Consumer Discretionary,2267278,US2435371073,New York Stock Exchange Inc.
MANH,MANHATTAN ASSOCIATES INC,Equity,0.16,41.88,"1,755,932.00","73,538,432.16","73,538,432.16",Information Technology,2239471,US5627501092,NASDAQ
MSA,MSA SAFETY INC,Equity,0.16,83.24,"881,997.00","73,417,430.28","73,417,430.28",Industrials,BKM4S16,US5534981064,New York Stock Exchange Inc.
JWA,JOHN WILEY AND SONS INC CLASS A,Equity,0.16,63.7,"1,143,073.00","72,813,750.10","72,813,750.10",Consumer Discretionary,2965668,US9682232064,New York Stock Exchange Inc.
AN,AUTONATION INC,Equity,0.16,46.78,"1,546,629.00","72,351,304.62","72,351,304.62",Consumer Discretionary,2732635,US05329W1027,New York Stock Exchange Inc.
KMPR,KEMPER CORP,Equity,0.16,57,"1,263,842.00","72,038,994.00","72,038,994.00",Financials,B52KRV2,US4884011002,New York Stock Exchange Inc.
GHC,GRAHAM HOLDINGS COMPANY CLASS B,Equity,0.16,602.25,"119,118.00","71,738,815.50","71,738,815.50",Consumer Discretionary,BGM1B98,US3846371041,New York Stock Exchange Inc.
CHDN,CHURCHILL DOWNS INC,Equity,0.16,244.05,"291,130.00","71,050,276.50","71,050,276.50",Consumer Discretionary,2194105,US1714841087,NASDAQ
ACIW,ACI WORLDWIDE INC,Equity,0.16,23.72,"2,994,261.00","71,023,870.92","71,023,870.92",Information Technology,2889155,US0044981019,NASDAQ
CHK,CHESAPEAKE ENERGY CORP,Equity,0.16,3.02,"23,499,085.00","70,967,236.70","70,967,236.70",Energy,2182779,US1651671075,New York Stock Exchange Inc.
AHL,ASPEN INSURANCE HOLDINGS LTD,Equity,0.16,44.85,"1,543,865.00","69,242,345.25","69,242,345.25",Financials,2172372,BMG053841059,New York Stock Exchange Inc.
NUVA,NUVASIVE INC,Equity,0.15,52.21,"1,325,036.00","69,180,129.56","69,180,129.56",Health Care,B00GJC2,US6707041058,NASDAQ
UNIT,UNITI GROUP INC,Equity,0.15,16.25,"4,245,757.00","68,993,551.25","68,993,551.25",Real Estate,BD6VBR1,US91325V1089,NASDAQ
BXS,BANCORPSOUTH,Equity,0.15,31.8,"2,163,580.00","68,801,844.00","68,801,844.00",Financials,BF3BNF0,US05971J1025,New York Stock Exchange Inc.
CPE,CALLON PETROLEUM,Equity,0.15,13.24,"5,196,129.00","68,796,747.96","68,796,747.96",Energy,2186072,US13123X1028,New York Stock Exchange Inc.
UFS,DOMTAR CORP,Equity,0.15,42.54,"1,614,020.00","68,660,410.80","68,660,410.80",Materials,B1T84Z4,US2575592033,New York Stock Exchange Inc.
NWE,NORTHWESTERN CORP,Equity,0.15,53.8,"1,274,497.00","68,567,938.60","68,567,938.60",Utilities,B03PGL4,US6680743050,New York Stock Exchange Inc.
EPC,EDGEWELL PERSONAL CARE,Equity,0.15,48.82,"1,394,958.00","68,101,849.56","68,101,849.56",Consumer Staples,BX8ZSB4,US28035Q1022,New York Stock Exchange Inc.
BYD,BOYD GAMING CORP,Equity,0.15,31.86,"2,114,405.00","67,364,943.30","67,364,943.30",Consumer Discretionary,2117232,US1033041013,New York Stock Exchange Inc.
GATX,GATX CORP,Equity,0.15,68.49,"981,675.00","67,234,920.75","67,234,920.75",Industrials,2362128,US3614481030,New York Stock Exchange Inc.
OFC,CORPORATE OFFICE PROPERTIES TRUST,Equity,0.15,25.83,"2,596,398.00","67,064,960.34","67,064,960.34",Real Estate,2756152,US22002T1088,New York Stock Exchange Inc.
TDS,TELEPHONE AND DATA SYSTEMS INC,Equity,0.15,28.03,"2,391,387.00","67,030,577.61","67,030,577.61",Telecommunications,B6YR5K3,US8794338298,New York Stock Exchange Inc.
CRUS,CIRRUS LOGIC INC,Equity,0.15,40.63,"1,636,998.00","66,511,228.74","66,511,228.74",Information Technology,2197308,US1727551004,NASDAQ
IDCC,INTERDIGITAL INC,Equity,0.15,73.6,"894,556.00","65,839,321.60","65,839,321.60",Information Technology,2465737,US45867G1013,NASDAQ
AMCX,AMC NETWORKS CLASS A INC,Equity,0.15,51.7,"1,272,040.00","65,764,468.00","65,764,468.00",Consumer Discretionary,B4MG4Z6,US00164V1035,NASDAQ
GEO,GEO GROUP REIT INC,Equity,0.15,20.47,"3,193,095.00","65,362,654.65","65,362,654.65",Real Estate,BNLYWQ1,US36162J1060,New York Stock Exchange Inc.
TREE,LENDINGTREE INC,Equity,0.15,328.15,"198,627.00","65,179,450.05","65,179,450.05",Financials,BV8TD84,US52603B1070,NASDAQ
JACK,JACK IN THE BOX INC,Equity,0.15,85.33,"760,301.00","64,876,484.33","64,876,484.33",Consumer Discretionary,2344922,US4663671091,NASDAQ
CLH,CLEAN HARBORS INC,Equity,0.15,48.81,"1,328,411.00","64,839,740.91","64,839,740.91",Industrials,2202473,US1844961078,New York Stock Exchange Inc.
TPH,TRI POINTE GROUP INC,Equity,0.14,16.43,"3,919,549.00","64,398,190.07","64,398,190.07",Consumer Discretionary,B92CQF3,US87265H1095,New York Stock Exchange Inc.
TUP,TUPPERWARE BRANDS CORP,Equity,0.14,48.38,"1,327,747.00","64,236,399.86","64,236,399.86",Consumer Discretionary,2872069,US8998961044,New York Stock Exchange Inc.
EDR,EDUCATION REALTY TRUST REIT INC TR,Equity,0.14,32.75,"1,950,924.00","63,892,761.00","63,892,761.00",Real Estate,BSR6J09,US28140H2031,New York Stock Exchange Inc.
TGNA,TEGNA INC,Equity,0.14,11.39,"5,550,529.00","63,220,525.31","63,220,525.31",Consumer Discretionary,BZ0P3Z5,US87901J1051,New York Stock Exchange Inc.
VSH,VISHAY INTERTECHNOLOGY INC,Equity,0.14,18.6,"3,398,426.00","63,210,723.60","63,210,723.60",Information Technology,2930149,US9282981086,New York Stock Exchange Inc.
SAFM,SANDERSON FARMS INC,Equity,0.14,119.02,"520,698.00","61,973,475.96","61,973,475.96",Consumer Staples,2774336,US8000131040,NASDAQ
KBH,KB HOME,Equity,0.14,28.45,"2,173,636.00","61,839,944.20","61,839,944.20",Consumer Discretionary,2485070,US48666K1097,New York Stock Exchange Inc.
CMC,COMMERCIAL METALS,Equity,0.14,20.46,"3,020,240.00","61,794,110.40","61,794,110.40",Materials,2213260,US2017231034,New York Stock Exchange Inc.
LANC,LANCASTER COLONY CORP,Equity,0.14,123.14,"501,762.00","61,786,972.68","61,786,972.68",Consumer Staples,2503206,US5138471033,NASDAQ
CVLT,COMMVAULT SYSTEMS INC,Equity,0.14,57.2,"1,079,753.00","61,761,871.60","61,761,871.60",Information Technology,B142B38,US2041661024,NASDAQ
MTX,MINERALS TECHNOLOGIES INC,Equity,0.14,66.95,"912,221.00","61,073,195.95","61,073,195.95",Materials,2595612,US6031581068,New York Stock Exchange Inc.
QEP,QEP RESOURCES INC,Equity,0.14,9.79,"6,202,688.00","60,724,315.52","60,724,315.52",Energy,B60X657,US74733V1008,New York Stock Exchange Inc.
HELE,HELEN OF TROY LTD,Equity,0.14,87,"696,669.00","60,610,203.00","60,610,203.00",Consumer Discretionary,2419530,BMG4388N1065,NASDAQ
USD,USD CASH,Cash,0.14,100,"60,423,896.00","60,423,896.20","60,423,896.20",Cash and/or Derivatives,-,-,-
SIG,SIGNET JEWELERS LTD,Equity,0.13,38.52,"1,562,593.00","60,191,082.36","60,191,082.36",Consumer Discretionary,B3CTNK6,BMG812761002,New York Stock Exchange Inc.
CXW,CORECIVIC REIT INC,Equity,0.13,19.52,"3,043,084.00","59,400,999.68","59,400,999.68",Real Estate,BZ8VC58,US21871N1019,New York Stock Exchange Inc.
MUSA,MURPHY USA INC,Equity,0.13,72.8,"813,668.00","59,235,030.40","59,235,030.40",Consumer Discretionary,BCZWJ63,US6267551025,New York Stock Exchange Inc.
NTCT,NETSCOUT SYSTEMS INC,Equity,0.13,26.35,"2,246,644.00","59,199,069.40","59,199,069.40",Information Technology,2447285,US64115T1043,NASDAQ
KBR,KBR INC,Equity,0.13,16.19,"3,646,467.00","59,036,300.73","59,036,300.73",Industrials,B1HHB18,US48242W1062,New York Stock Exchange Inc.
UE,URBAN EDGE PROPERTIES,Equity,0.13,21.35,"2,724,975.00","58,178,216.25","58,178,216.25",Real Estate,BTPSGQ9,US91704F1049,New York Stock Exchange Inc.
MDRX,ALLSCRIPTS HEALTHCARE SOLUTIONS IN,Equity,0.13,12.35,"4,698,545.00","58,027,030.75","58,027,030.75",Health Care,2710039,US01988P1084,NASDAQ
GVA,GRANITE CONSTRUCTION INC,Equity,0.13,55.86,"1,026,961.00","57,366,041.46","57,366,041.46",Industrials,2381189,US3873281071,New York Stock Exchange Inc.
NBR,NABORS INDUSTRIES LTD,Equity,0.13,6.99,"8,151,497.00","56,978,964.03","56,978,964.03",Energy,2963372,BMG6359F1032,New York Stock Exchange Inc.
SWN,SOUTHWESTERN ENERGY,Equity,0.13,4.33,"13,156,880.00","56,969,290.40","56,969,290.40",Energy,2828619,US8454671095,New York Stock Exchange Inc.
SGMS,SCIENTIFIC GAMES CORP,Equity,0.13,41.6,"1,353,174.00","56,292,038.40","56,292,038.40",Consumer Discretionary,2919290,US80874P1093,NASDAQ
HYH,HALYARD HEALTH INC,Equity,0.13,46.08,"1,218,990.00","56,171,059.20","56,171,059.20",Health Care,BRJ6RP1,US40650V1008,New York Stock Exchange Inc.
MIK,MICHAELS COMPANIES INC,Equity,0.13,19.71,"2,846,307.00","56,100,710.97","56,100,710.97",Consumer Discretionary,BNG83R6,US59408Q1067,NASDAQ
THS,TREEHOUSE FOODS INC,Equity,0.13,38.27,"1,458,991.00","55,835,585.57","55,835,585.57",Consumer Staples,B095X84,US89469A1043,New York Stock Exchange Inc.
UNFI,UNITED NATURAL FOODS INC,Equity,0.12,42.94,"1,297,516.00","55,715,337.04","55,715,337.04",Consumer Staples,2895163,US9111631035,NASDAQ
BLKFDS,BLK CSH FND TREASURY SL AGENCY,Money Market,0.12,1,"55,072,486.00","55,072,486.49","55,072,486.49",Cash and/or Derivatives,-,US0669224778,-
MDP,MEREDITH CORP,Equity,0.12,53.8,"1,022,460.00","55,008,348.00","55,008,348.00",Consumer Discretionary,2578516,US5894331017,New York Stock Exchange Inc.
TRMK,TRUSTMARK CORP,Equity,0.12,31.16,"1,758,274.00","54,787,817.84","54,787,817.84",Financials,2340210,US8984021027,NASDAQ
IBOC,INTERNATIONAL BANCSHARES CORP,Equity,0.12,38.9,"1,395,332.00","54,278,414.80","54,278,414.80",Financials,2243911,US4590441030,NASDAQ
TPX,TEMPUR SEALY INTERNATIONAL INC,Equity,0.12,45.29,"1,196,542.00","54,191,387.18","54,191,387.18",Consumer Discretionary,2216991,US88023U1016,New York Stock Exchange Inc.
CRS,CARPENTER TECHNOLOGY CORP,Equity,0.12,44.12,"1,220,920.00","53,866,990.40","53,866,990.40",Materials,2177504,US1442851036,New York Stock Exchange Inc.
SLGN,SILGAN HOLDINGS INC,Equity,0.12,27.85,"1,922,811.00","53,550,286.35","53,550,286.35",Materials,2809324,US8270481091,NASDAQ
SKT,TANGER FACTORY OUTLET CENTERS REIT,Equity,0.12,22,"2,433,815.00","53,543,930.00","53,543,930.00",Real Estate,2874582,US8754651060,New York Stock Exchange Inc.
CVG,CONVERGYS CORP,Equity,0.12,22.62,"2,366,836.00","53,537,830.32","53,537,830.32",Information Technology,2284761,US2124851062,New York Stock Exchange Inc.
SBH,SALLY BEAUTY HOLDINGS INC,Equity,0.12,16.45,"3,231,819.00","53,163,422.55","53,163,422.55",Consumer Discretionary,B1GZ005,US79546E1047,New York Stock Exchange Inc.
CAKE,CHEESECAKE FACTORY INC,Equity,0.12,48.22,"1,098,961.00","52,991,899.42","52,991,899.42",Consumer Discretionary,2192392,US1630721017,NASDAQ
CMP,COMPASS MINERALS INTERNATIONAL INC,Equity,0.12,60.3,"870,988.00","52,520,576.40","52,520,576.40",Materials,2202763,US20451N1019,New York Stock Exchange Inc.
PBI,PITNEY BOWES INC,Equity,0.12,10.89,"4,808,490.00","52,364,456.10","52,364,456.10",Industrials,2690506,US7244791007,New York Stock Exchange Inc.
CARS,CARS.COM INC,Equity,0.12,28.33,"1,842,579.00","52,200,263.07","52,200,263.07",Information Technology,BYXHTC0,US14575E1055,New York Stock Exchange Inc.
SYNH,SYNEOS HEALTH INC,Equity,0.12,35.5,"1,450,566.00","51,495,093.00","51,495,093.00",Health Care,BFMZ4V6,US87166B1026,NASDAQ
PLT,PLANTRONICS INC,Equity,0.12,60.37,"851,530.00","51,406,866.10","51,406,866.10",Information Technology,2692030,US7274931085,New York Stock Exchange Inc.
THC,TENET HEALTHCARE CORP,Equity,0.11,24.25,"2,082,353.00","50,497,060.25","50,497,060.25",Health Care,B8DMK08,US88033G4073,New York Stock Exchange Inc.
ESL,ESTERLINE TECHNOLOGIES CORP,Equity,0.11,73.15,"675,697.00","49,427,235.55","49,427,235.55",Industrials,2322047,US2974251009,New York Stock Exchange Inc.
ESV,ENSCO PLC CLASS A,Equity,0.11,4.39,"11,224,965.00","49,277,596.35","49,277,596.35",Energy,B4VLR19,GB00B4VLR192,New York Stock Exchange Inc.
BID,SOTHEBYS,Equity,0.11,51.31,"958,907.00","49,201,518.17","49,201,518.17",Consumer Discretionary,2822406,US8358981079,New York Stock Exchange Inc.
MLHR,HERMAN MILLER INC,Equity,0.11,31.95,"1,536,135.00","49,079,513.25","49,079,513.25",Industrials,2594222,US6005441000,NASDAQ
WOR,WORTHINGTON INDUSTRIES INC,Equity,0.11,42.92,"1,129,719.00","48,487,539.48","48,487,539.48",Materials,2981932,US9818111026,New York Stock Exchange Inc.
SM,SM ENERGY,Equity,0.11,18.03,"2,668,157.00","48,106,870.71","48,106,870.71",Energy,2764188,US78454L1008,New York Stock Exchange Inc.
QCP,QUALITY CARE PROPERTIES INC,Equity,0.11,19.43,"2,444,677.00","47,500,074.11","47,500,074.11",Real Estate,BYNWVQ3,US7475451016,New York Stock Exchange Inc.
OII,OCEANEERING INTERNATIONAL INC,Equity,0.11,18.54,"2,556,496.00","47,397,435.84","47,397,435.84",Energy,2655583,US6752321025,New York Stock Exchange Inc.
LPNT,LIFEPOINT HEALTH INC,Equity,0.11,47,"1,006,924.00","47,325,428.00","47,325,428.00",Health Care,2413037,US53219L1098,NASDAQ
BIG,BIG LOTS INC,Equity,0.11,43.53,"1,085,867.00","47,267,790.51","47,267,790.51",Consumer Discretionary,2218447,US0893021032,New York Stock Exchange Inc.
PDCO,PATTERSON COMPANIES INC,Equity,0.1,22.23,"2,107,576.00","46,851,414.48","46,851,414.48",Health Care,2672689,US7033951036,NASDAQ
ACXM,ACXIOM CORP,Equity,0.1,22.71,"2,038,740.00","46,299,785.40","46,299,785.40",Information Technology,2159773,US0051251090,NASDAQ
PBH,PRESTIGE BRANDS HOLDINGS INC,Equity,0.1,33.72,"1,365,469.00","46,043,614.68","46,043,614.68",Health Care,B0650P3,US74112D1019,New York Stock Exchange Inc.
AKRX,AKORN INC,Equity,0.1,18.71,"2,435,890.00","45,575,501.90","45,575,501.90",Health Care,2012100,US0097281069,NASDAQ
DRQ,DRIL QUIP INC,Equity,0.1,44.8,"987,106.00","44,222,348.80","44,222,348.80",Energy,2116767,US2620371045,New York Stock Exchange Inc.
PAY,VERIFONE SYSTEMS INC,Equity,0.1,15.38,"2,850,770.00","43,844,842.60","43,844,842.60",Information Technology,B07RH68,US92342Y1091,New York Stock Exchange Inc.
INT,WORLD FUEL SERVICES CORP,Equity,0.1,24.55,"1,766,520.00","43,368,066.00","43,368,066.00",Energy,2469450,US9814751064,New York Stock Exchange Inc.
MCY,MERCURY GENERAL CORP,Equity,0.1,45.87,"940,139.00","43,124,175.93","43,124,175.93",Financials,2578464,US5894001008,New York Stock Exchange Inc.
EAT,BRINKER INTERNATIONAL INC,Equity,0.1,36.1,"1,193,144.00","43,072,498.40","43,072,498.40",Consumer Discretionary,2193544,US1096411004,New York Stock Exchange Inc.
SAM,BOSTON BEER INC CLASS A,Equity,0.1,189.05,"227,552.00","43,018,705.60","43,018,705.60",Consumer Staples,2113393,US1005571070,New York Stock Exchange Inc.
DDS,DILLARDS INC CLASS A,Equity,0.1,80.34,"531,088.00","42,667,609.92","42,667,609.92",Consumer Discretionary,2269768,US2540671011,New York Stock Exchange Inc.
WERN,WERNER ENTERPRISES INC,Equity,0.09,36.5,"1,156,451.00","42,210,461.50","42,210,461.50",Industrials,2948852,US9507551086,NASDAQ
GPOR,GULFPORT ENERGY CORP,Equity,0.09,9.65,"4,289,504.00","41,393,713.60","41,393,713.60",Energy,2398684,US4026353049,NASDAQ
SYNA,SYNAPTICS INC,Equity,0.09,45.73,"887,861.00","40,601,883.53","40,601,883.53",Information Technology,2839268,US87157D1090,NASDAQ
ALEX,ALEXANDER & BALDWIN INC,Equity,0.09,23.13,"1,751,747.00","40,517,908.11","40,517,908.11",Real Estate,B827VB2,US0144911049,New York Stock Exchange Inc.
HNI,HNI CORP,Equity,0.09,36.09,"1,113,351.00","40,180,837.59","40,180,837.59",Industrials,2435246,US4042511000,New York Stock Exchange Inc.
CLI,MACK-CALI REALTY REIT CORP,Equity,0.09,16.71,"2,346,977.00","39,217,985.67","39,217,985.67",Real Estate,2192314,US5544891048,New York Stock Exchange Inc.
CTB,COOPER TIRE AND RUBBER,Equity,0.09,29.3,"1,312,272.00","38,449,569.60","38,449,569.60",Consumer Discretionary,2222608,US2168311072,New York Stock Exchange Inc.
GNW,GENWORTH FINANCIAL A INC,Equity,0.08,2.83,"12,851,542.00","36,369,863.86","36,369,863.86",Financials,B011WL6,US37247D1063,New York Stock Exchange Inc.
PZZA,PAPA JOHNS INTERNATIONAL INC,Equity,0.08,57.3,"632,479.00","36,241,046.70","36,241,046.70",Consumer Discretionary,2696117,US6988131024,NASDAQ
GEF,GREIF INC CLASS A,Equity,0.08,52.25,"673,543.00","35,192,621.75","35,192,621.75",Materials,2388016,US3976241071,New York Stock Exchange Inc.
DDD,3D SYSTEMS CORP,Equity,0.08,11.59,"2,966,720.00","34,384,284.80","34,384,284.80",Information Technology,2889768,US88554D2053,New York Stock Exchange Inc.
RDC,ROWAN COMPANIES CLASS A PLC,Equity,0.08,11.54,"2,961,971.00","34,181,145.34","34,181,145.34",Energy,B840261,GB00B6SLMV12,New York Stock Exchange Inc.
SPN,SUPERIOR ENERGY SERVICES INC,Equity,0.08,8.43,"3,975,893.00","33,516,777.99","33,516,777.99",Energy,2806109,US8681571084,New York Stock Exchange Inc.
GME,GAMESTOP CORP CLASS A,Equity,0.07,12.62,"2,644,852.00","33,378,032.24","33,378,032.24",Consumer Discretionary,B0LLFT5,US36467W1099,New York Stock Exchange Inc.
MNK,MALLINCKRODT,Equity,0.07,14.48,"2,230,633.00","32,299,565.84","32,299,565.84",Health Care,BBJTYC4,IE00BBGT3753,New York Stock Exchange Inc.
WPG,WASHINGTON PRIME GROUP INC,Equity,0.07,6.67,"4,836,212.00","32,257,534.04","32,257,534.04",Real Estate,BD5JMM8,US93964W1080,New York Stock Exchange Inc.
ENDP,ENDO INTERNATIONAL PLC,Equity,0.07,5.94,"5,238,657.00","31,117,622.58","31,117,622.58",Health Care,BJ3V905,IE00BJ3V9050,NASDAQ
DBD,DIEBOLD NIXDORF INC,Equity,0.07,15.4,"1,985,518.00","30,576,977.20","30,576,977.20",Information Technology,2269229,US2536511031,New York Stock Exchange Inc.
KN,KNOWLES CORP,Equity,0.06,12.59,"2,301,885.00","28,980,732.15","28,980,732.15",Information Technology,BJTD9L6,US49926D1090,New York Stock Exchange Inc.
ODP,OFFICE DEPOT INC,Equity,0.06,2.15,"13,254,373.00","28,496,901.95","28,496,901.95",Consumer Discretionary,2655981,US6762201068,NASDAQ
DNOW,NOW INC,Equity,0.06,10.22,"2,771,840.00","28,328,204.80","28,328,204.80",Industrials,BMH0MV1,US67011P1003,New York Stock Exchange Inc.
ISCA,INTERNATIONAL SPEEDWAY CORP CLASS,Equity,0.06,44.1,"632,951.00","27,913,139.10","27,913,139.10",Consumer Discretionary,2478144,US4603352018,NASDAQ
DO,DIAMOND OFFSHORE DRILLING INC,Equity,0.06,14.66,"1,684,471.00","24,694,344.86","24,694,344.86",Energy,2261021,US25271C1027,New York Stock Exchange Inc.
TR,TOOTSIE ROLL INDUSTRIES INC,Equity,0.03,29.45,"514,294.00","15,145,958.30","15,145,958.30",Consumer Staples,2896809,US8905161076,New York Stock Exchange Inc.
UBFUT,CASH COLLATERAL USD UBFUT,Cash Collateral and Margins,0.01,100,"3,955,100.00","3,955,100.00","3,955,100.00",Cash and/or Derivatives,-,-,-
FAM8,S&P MID 400 EMINI JUN 18,Futures,0,"1,883.10",522,0,"98,297,820.00",Cash and/or Derivatives,-,-,Index And Options Market
 ,,,,,,,,,,,